No.,Time,Source,Destination,Protocol,Length,Info
1798,64.755101,10.218.160.19,10.209.121.249,DHCP,342,DHCP Discover - Transaction ID 0x7c1c8372
1815,65.082681,10.218.160.19,10.209.121.249,DHCP,342,DHCP Discover - Transaction ID 0x1e30520e
1844,66.098743,10.218.160.19,10.209.121.249,DHCP,342,DHCP Discover - Transaction ID 0x1e30520e
1845,66.162265,10.218.160.19,10.209.121.249,DHCP,342,DHCP Discover - Transaction ID 0x7c1c8372
1898,68.24871,10.218.160.19,10.209.121.249,DHCP,342,DHCP Discover - Transaction ID 0x1e30520e
1909,68.750782,10.218.160.19,10.209.121.249,DHCP,342,DHCP Discover - Transaction ID 0x7c1c8372
2034,72.520536,10.218.160.19,10.209.121.249,DHCP,342,DHCP Discover - Transaction ID 0x1e30520e
2045,73.059558,10.218.160.19,10.209.121.249,DHCP,342,DHCP Discover - Transaction ID 0x7c1c8372
2246,81.230779,10.218.160.19,10.209.121.249,DHCP,342,DHCP Discover - Transaction ID 0x7c1c8372
2269,81.454031,10.218.160.19,10.209.121.249,DHCP,342,DHCP Discover - Transaction ID 0x1e30520e
2473,89.938527,10.218.160.19,10.209.121.249,DHCP,342,DHCP Discover - Transaction ID 0x7c1c8372
2490,90.271154,10.218.160.19,10.209.121.249,DHCP,342,DHCP Discover - Transaction ID 0x1e30520e
2745,98.675434,10.218.160.19,10.209.121.249,DHCP,342,DHCP Discover - Transaction ID 0x7c1c8372
2746,98.857236,10.218.160.19,10.209.121.249,DHCP,342,DHCP Discover - Transaction ID 0x1e30520e
2986,106.923788,10.218.160.19,10.209.121.249,DHCP,342,DHCP Discover - Transaction ID 0x1e30520e
2987,107.12075,10.218.160.19,10.209.121.249,DHCP,342,DHCP Discover - Transaction ID 0x7c1c8372
3259,115.384157,10.218.160.19,10.209.121.249,DHCP,342,DHCP Discover - Transaction ID 0x7c1c8372
3280,115.559455,10.218.160.19,10.209.121.249,DHCP,342,DHCP Discover - Transaction ID 0x1e30520e
3449,123.70954,10.218.160.19,10.209.121.249,DHCP,342,DHCP Discover - Transaction ID 0x7c1c8372
3456,124.318196,10.218.160.19,10.209.121.249,DHCP,342,DHCP Discover - Transaction ID 0x1e30520e
3517,125.687127,10.50.9.120,10.189.174.248,MDNS,126,Standard query response 0x0000 PTR 07C4DC5D-D3D2-4596-8D5C-6BE6E90A236C._rp-tunnel._tcp.local
3536,127.688003,10.50.9.120,10.189.174.248,MDNS,126,Standard query response 0x0000 PTR 07C4DC5D-D3D2-4596-8D5C-6BE6E90A236C._rp-tunnel._tcp.local
3555,129.689279,10.50.9.120,10.189.174.248,MDNS,126,Standard query response 0x0000 PTR 07C4DC5D-D3D2-4596-8D5C-6BE6E90A236C._rp-tunnel._tcp.local
3598,136.341114,10.6.15.50,10.189.174.248,MDNS,117,"Standard query 0x0000 PTR _afpovertcp._tcp.local, ""QU"" question PTR _smb._tcp.local, ""QU"" question PTR _rfb._tcp.local, ""QU"" question PTR _adisk._tcp.local, ""QU"" question"
3609,136.509117,10.6.15.50,10.189.174.248,MDNS,117,"Standard query 0x0000 PTR _afpovertcp._tcp.local, ""QU"" question PTR _smb._tcp.local, ""QU"" question PTR _rfb._tcp.local, ""QU"" question PTR _adisk._tcp.local, ""QU"" question"
3616,137.512517,10.6.15.50,10.189.174.248,MDNS,117,"Standard query 0x0000 PTR _afpovertcp._tcp.local, ""QM"" question PTR _smb._tcp.local, ""QM"" question PTR _rfb._tcp.local, ""QM"" question PTR _adisk._tcp.local, ""QM"" question"
3635,140.519906,10.6.15.50,10.189.174.248,MDNS,117,"Standard query 0x0000 PTR _afpovertcp._tcp.local, ""QM"" question PTR _smb._tcp.local, ""QM"" question PTR _rfb._tcp.local, ""QM"" question PTR _adisk._tcp.local, ""QM"" question"
3682,149.537792,10.6.15.50,10.189.174.248,MDNS,117,"Standard query 0x0000 PTR _afpovertcp._tcp.local, ""QM"" question PTR _smb._tcp.local, ""QM"" question PTR _rfb._tcp.local, ""QM"" question PTR _adisk._tcp.local, ""QM"" question"
3913,176.591942,10.6.15.50,10.189.174.248,MDNS,117,"Standard query 0x0000 PTR _afpovertcp._tcp.local, ""QM"" question PTR _smb._tcp.local, ""QM"" question PTR _rfb._tcp.local, ""QM"" question PTR _adisk._tcp.local, ""QM"" question"
4002,191.996977,10.218.160.19,10.209.121.249,DHCP,342,DHCP Discover - Transaction ID 0x7c1c8373
4008,192.745262,10.50.9.120,10.189.174.248,MDNS,143,"Standard query 0x0000 PTR _companion-link._tcp.local, ""QM"" question PTR _rdlink._tcp.local, ""QM"" question PTR Hinddeep‚\200\231s MacBook Air (2)._companion-link._tcp.local"
4011,192.777439,10.6.15.50,10.189.174.248,MDNS,482,"Standard query 0x0000 PTR lb._dns-sd._udp.local, ""QM"" question PTR _airport._tcp.local, ""QM"" question PTR _hap._tcp.local, ""QM"" question PTR _hap._udp.local, ""QM"" question PTR _airplay._tcp.local, ""QM"" question PTR _uscan._tcp.local, ""QM"" question PTR _pdl-datastream._tcp.local, ""QM"" question PTR _uscans._tcp.local, ""QM"" question PTR _ippusb._tcp.local, ""QM"" question PTR _ptp._tcp.local, ""QM"" question PTR _ipp._tcp.local, ""QM"" question PTR _scanner._tcp.local, ""QM"" question PTR _printer._tcp.local, ""QM"" question PTR _ipps._tcp.local, ""QM"" question PTR _apple-mobdev._tcp.local, ""QM"" question PTR 951807ff._sub._apple-mobdev2._tcp.local, ""QM"" question PTR _apple-pairable._tcp.local, ""QM"" question PTR _remotepairing-manual-pairing._tcp.local, ""QM"" question PTR _00000003-c00d-4bb6-cea8-16f18cfc42cc._sub._appletv-v2._tcp.local, ""QM"" question PTR Hinddeep‚\200\231s MacBook Air (2)._airplay._tcp.local"
4013,193.174129,10.218.160.19,10.209.121.249,DHCP,342,DHCP Discover - Transaction ID 0x1e30520f
4014,193.19799,10.218.160.19,10.209.121.249,DHCP,342,DHCP Discover - Transaction ID 0x7c1c8373
4019,194.706288,10.218.160.19,10.209.121.249,DHCP,342,DHCP Discover - Transaction ID 0x1e30520f
4024,195.265713,10.218.160.19,10.209.121.249,DHCP,342,DHCP Discover - Transaction ID 0x7c1c8373
4033,197.032005,10.218.160.19,10.209.121.249,DHCP,342,DHCP Discover - Transaction ID 0x1e30520f
4046,199.937054,10.218.160.19,10.209.121.249,DHCP,342,DHCP Discover - Transaction ID 0x7c1c8373
4051,201.458961,10.218.160.19,10.209.121.249,DHCP,342,DHCP Discover - Transaction ID 0x1e30520f
4084,208.72609,10.218.160.19,10.209.121.249,DHCP,342,DHCP Discover - Transaction ID 0x7c1c8373
4089,209.766016,10.218.160.19,10.209.121.249,DHCP,342,DHCP Discover - Transaction ID 0x1e30520f
4134,216.869922,10.218.160.19,10.209.121.249,DHCP,342,DHCP Discover - Transaction ID 0x7c1c8373
4147,218.762358,10.218.160.19,10.209.121.249,DHCP,342,DHCP Discover - Transaction ID 0x1e30520f
6005,225.709586,10.218.160.19,10.209.121.249,DHCP,342,DHCP Discover - Transaction ID 0x7c1c8373
7429,227.425703,10.218.160.19,10.209.121.249,DHCP,342,DHCP Discover - Transaction ID 0x1e30520f
7720,234.084995,10.218.160.19,10.209.121.249,DHCP,342,DHCP Discover - Transaction ID 0x7c1c8373
7729,235.678366,10.218.160.19,10.209.121.249,DHCP,342,DHCP Discover - Transaction ID 0x1e30520f
7853,242.542699,10.218.160.19,10.209.121.249,DHCP,342,DHCP Discover - Transaction ID 0x7c1c8373
7860,244.106142,10.218.160.19,10.209.121.249,DHCP,342,DHCP Discover - Transaction ID 0x1e30520f
7905,251.416388,10.218.160.19,10.209.121.249,DHCP,342,DHCP Discover - Transaction ID 0x7c1c8373
7906,252.181725,10.218.160.19,10.209.121.249,DHCP,342,DHCP Discover - Transaction ID 0x1e30520f
7952,257.752115,10.6.15.50,10.189.174.248,MDNS,117,"Standard query 0x0000 PTR _afpovertcp._tcp.local, ""QM"" question PTR _smb._tcp.local, ""QM"" question PTR _rfb._tcp.local, ""QM"" question PTR _adisk._tcp.local, ""QM"" question"
7983,263.063854,10.6.15.50,10.189.174.248,MDNS,271,"Standard query response 0x0000 TXT, cache flush NSEC, cache flush Hinddeep‚\200\231s MacBook Air (2)._companion-link._tcp.local"
8003,264.064385,10.6.15.50,10.189.174.248,MDNS,271,"Standard query response 0x0000 TXT, cache flush NSEC, cache flush Hinddeep‚\200\231s MacBook Air (2)._companion-link._tcp.local"
8018,266.064151,10.6.15.50,10.189.174.248,MDNS,271,"Standard query response 0x0000 TXT, cache flush NSEC, cache flush Hinddeep‚\200\231s MacBook Air (2)._companion-link._tcp.local"
8093,270.064944,10.6.15.50,10.189.174.248,MDNS,271,"Standard query response 0x0000 TXT, cache flush NSEC, cache flush Hinddeep‚\200\231s MacBook Air (2)._companion-link._tcp.local"
8735,319.66803,10.218.160.19,10.209.121.249,DHCP,342,DHCP Discover - Transaction ID 0x7c1c8374
8742,320.702552,10.218.160.19,10.209.121.249,DHCP,342,DHCP Discover - Transaction ID 0x7c1c8374
8745,321.075076,10.218.160.19,10.209.121.249,DHCP,342,DHCP Discover - Transaction ID 0x1e305210
8758,322.756703,10.218.160.19,10.209.121.249,DHCP,342,DHCP Discover - Transaction ID 0x1e305210
8761,323.649018,10.218.160.19,10.209.121.249,DHCP,342,DHCP Discover - Transaction ID 0x7c1c8374
8777,325.352727,10.218.160.19,10.209.121.249,DHCP,342,DHCP Discover - Transaction ID 0x1e305210
8790,328.577997,10.218.160.19,10.209.121.249,DHCP,342,DHCP Discover - Transaction ID 0x7c1c8374
8797,329.953702,10.218.160.19,10.209.121.249,DHCP,342,DHCP Discover - Transaction ID 0x1e305210
8824,336.828081,10.218.160.19,10.209.121.249,DHCP,342,DHCP Discover - Transaction ID 0x7c1c8374
8831,338.100161,10.218.160.19,10.209.121.249,DHCP,342,DHCP Discover - Transaction ID 0x1e305210
8871,344.000082,10.50.9.120,10.189.174.248,MDNS,130,Standard query response 0x0000 PTR 7256A5EE-DF61-4E23-ABBF-3F8B9489691B._remotepairing._tcp.local
8874,344.078007,10.50.9.120,10.189.174.248,MDNS,157,"Standard query 0x0000 ANY D35C8575-3E1C-439E-8834-794D0C0C5685._remotepairing._tcp.local, ""QU"" question SRV 0 0 49152 Jainils-iPhone.local"
8881,344.329242,10.50.9.120,10.189.174.248,MDNS,157,"Standard query 0x0000 ANY D35C8575-3E1C-439E-8834-794D0C0C5685._remotepairing._tcp.local, ""QM"" question SRV 0 0 49152 Jainils-iPhone.local"
8891,344.580394,10.50.9.120,10.189.174.248,MDNS,157,"Standard query 0x0000 ANY D35C8575-3E1C-439E-8834-794D0C0C5685._remotepairing._tcp.local, ""QM"" question SRV 0 0 49152 Jainils-iPhone.local"
8898,344.830734,10.50.9.120,10.189.174.248,MDNS,388,"Standard query response 0x0000 TXT, cache flush PTR _remotepairing._tcp.local PTR D35C8575-3E1C-439E-8834-794D0C0C5685._remotepairing._tcp.local SRV, cache flush 0 0 49152 Jainils-iPhone.local AAAA, cache flush fe80::30:8ad4:bf2e:16f6 A, cache flush 169.254.132.221 NSEC, cache flush Jainils-iPhone.local NSEC, cache flush D35C8575-3E1C-439E-8834-794D0C0C5685._remotepairing._tcp.local"
8927,345.622335,10.218.160.19,10.209.121.249,DHCP,342,DHCP Discover - Transaction ID 0x7c1c8374
8932,345.832186,10.50.9.120,10.189.174.248,MDNS,388,"Standard query response 0x0000 TXT, cache flush PTR _remotepairing._tcp.local PTR D35C8575-3E1C-439E-8834-794D0C0C5685._remotepairing._tcp.local SRV, cache flush 0 0 49152 Jainils-iPhone.local AAAA, cache flush fe80::30:8ad4:bf2e:16f6 A, cache flush 169.254.132.221 NSEC, cache flush Jainils-iPhone.local NSEC, cache flush D35C8575-3E1C-439E-8834-794D0C0C5685._remotepairing._tcp.local"
8951,346.000586,10.50.9.120,10.189.174.248,MDNS,130,Standard query response 0x0000 PTR 7256A5EE-DF61-4E23-ABBF-3F8B9489691B._remotepairing._tcp.local
8960,346.36139,10.218.160.19,10.209.121.249,DHCP,342,DHCP Discover - Transaction ID 0x1e305210
9142,347.833152,10.50.9.120,10.189.174.248,MDNS,388,"Standard query response 0x0000 TXT, cache flush PTR _remotepairing._tcp.local PTR D35C8575-3E1C-439E-8834-794D0C0C5685._remotepairing._tcp.local SRV, cache flush 0 0 49152 Jainils-iPhone.local AAAA, cache flush fe80::30:8ad4:bf2e:16f6 A, cache flush 169.254.132.221 NSEC, cache flush Jainils-iPhone.local NSEC, cache flush D35C8575-3E1C-439E-8834-794D0C0C5685._remotepairing._tcp.local"
9182,348.00226,10.50.9.120,10.189.174.248,MDNS,130,Standard query response 0x0000 PTR 7256A5EE-DF61-4E23-ABBF-3F8B9489691B._remotepairing._tcp.local
9320,351.834636,10.50.9.120,10.189.174.248,MDNS,388,"Standard query response 0x0000 TXT, cache flush PTR _remotepairing._tcp.local PTR D35C8575-3E1C-439E-8834-794D0C0C5685._remotepairing._tcp.local SRV, cache flush 0 0 49152 Jainils-iPhone.local AAAA, cache flush fe80::30:8ad4:bf2e:16f6 A, cache flush 169.254.132.221 NSEC, cache flush Jainils-iPhone.local NSEC, cache flush D35C8575-3E1C-439E-8834-794D0C0C5685._remotepairing._tcp.local"
9332,353.939865,10.218.160.19,10.209.121.249,DHCP,342,DHCP Discover - Transaction ID 0x7c1c8374
9335,354.530671,10.218.160.19,10.209.121.249,DHCP,342,DHCP Discover - Transaction ID 0x1e305210
9377,362.928261,10.218.160.19,10.209.121.249,DHCP,342,DHCP Discover - Transaction ID 0x7c1c8374
9378,362.960087,10.218.160.19,10.209.121.249,DHCP,342,DHCP Discover - Transaction ID 0x1e305210
9411,371.045307,10.218.160.19,10.209.121.249,DHCP,342,DHCP Discover - Transaction ID 0x7c1c8374
9414,371.595798,10.218.160.19,10.209.121.249,DHCP,342,DHCP Discover - Transaction ID 0x1e305210
9485,379.500641,10.218.160.19,10.209.121.249,DHCP,342,DHCP Discover - Transaction ID 0x7c1c8374
9501,380.423819,10.218.160.19,10.209.121.249,DHCP,342,DHCP Discover - Transaction ID 0x1e305210
9968,447.939841,10.218.160.19,10.209.121.249,DHCP,342,DHCP Discover - Transaction ID 0x7c1c8375
9975,449.209856,10.218.160.19,10.209.121.249,DHCP,342,DHCP Discover - Transaction ID 0x1e305211
9976,449.294189,10.218.160.19,10.209.121.249,DHCP,342,DHCP Discover - Transaction ID 0x7c1c8375
9981,450.367463,10.218.160.19,10.209.121.249,DHCP,342,DHCP Discover - Transaction ID 0x1e305211
9988,451.890024,10.218.160.19,10.209.121.249,DHCP,342,DHCP Discover - Transaction ID 0x7c1c8375
9993,452.745394,10.218.160.19,10.209.121.249,DHCP,342,DHCP Discover - Transaction ID 0x1e305211
10006,456.09839,10.218.160.19,10.209.121.249,DHCP,342,DHCP Discover - Transaction ID 0x7c1c8375
10011,457.030049,10.218.160.19,10.209.121.249,DHCP,342,DHCP Discover - Transaction ID 0x1e305211
10050,464.652186,10.218.160.19,10.209.121.249,DHCP,342,DHCP Discover - Transaction ID 0x7c1c8375
10053,465.191791,10.218.160.19,10.209.121.249,DHCP,342,DHCP Discover - Transaction ID 0x1e305211
10150,473.117187,10.218.160.19,10.209.121.249,DHCP,342,DHCP Discover - Transaction ID 0x7c1c8375
10153,473.821454,10.218.160.19,10.209.121.249,DHCP,342,DHCP Discover - Transaction ID 0x1e305211
10184,481.293797,10.218.160.19,10.209.121.249,DHCP,342,DHCP Discover - Transaction ID 0x7c1c8375
10193,482.702038,10.218.160.19,10.209.121.249,DHCP,342,DHCP Discover - Transaction ID 0x1e305211
10224,489.906398,10.218.160.19,10.209.121.249,DHCP,342,DHCP Discover - Transaction ID 0x7c1c8375
10229,490.840647,10.218.160.19,10.209.121.249,DHCP,342,DHCP Discover - Transaction ID 0x1e305211
10252,493.861095,10.6.15.50,10.189.174.248,MDNS,98,"Standard query 0x0000 PTR _sleep-proxy._udp.local, ""QU"" question PTR _meshcop._udp.local, ""QU"" question"
10261,494.864525,10.6.15.50,10.189.174.248,MDNS,98,"Standard query 0x0000 PTR _sleep-proxy._udp.local, ""QM"" question PTR _meshcop._udp.local, ""QM"" question"
10276,497.871132,10.6.15.50,10.189.174.248,MDNS,98,"Standard query 0x0000 PTR _sleep-proxy._udp.local, ""QM"" question PTR _meshcop._udp.local, ""QM"" question"
10278,498.09493,10.218.160.19,10.209.121.249,DHCP,342,DHCP Discover - Transaction ID 0x7c1c8375
10283,499.053554,10.218.160.19,10.209.121.249,DHCP,342,DHCP Discover - Transaction ID 0x1e305211
10295,501.232066,10.6.15.50,10.189.174.248,MDNS,117,"Standard query 0x0000 PTR _afpovertcp._tcp.local, ""QM"" question PTR _smb._tcp.local, ""QM"" question PTR _rfb._tcp.local, ""QM"" question PTR _adisk._tcp.local, ""QM"" question"
10317,506.640742,10.218.160.19,10.209.121.249,DHCP,342,DHCP Discover - Transaction ID 0x7c1c8375
10321,506.889783,10.6.15.50,10.189.174.248,MDNS,98,"Standard query 0x0000 PTR _sleep-proxy._udp.local, ""QM"" question PTR _meshcop._udp.local, ""QM"" question"
10323,507.099801,10.218.160.19,10.209.121.249,DHCP,342,DHCP Discover - Transaction ID 0x1e305211
12416,575.044608,10.218.160.19,10.209.121.249,DHCP,342,DHCP Discover - Transaction ID 0x7c1c8376
12421,575.771449,10.218.160.19,10.209.121.249,DHCP,342,DHCP Discover - Transaction ID 0x1e305212
12426,576.571177,10.218.160.19,10.209.121.249,DHCP,342,DHCP Discover - Transaction ID 0x7c1c8376
12429,577.356779,10.218.160.19,10.209.121.249,DHCP,342,DHCP Discover - Transaction ID 0x1e305212
12436,578.820223,10.218.160.19,10.209.121.249,DHCP,342,DHCP Discover - Transaction ID 0x7c1c8376
12444,579.638384,10.218.160.19,10.209.121.249,DHCP,342,DHCP Discover - Transaction ID 0x1e305212
12474,583.343667,10.218.160.19,10.209.121.249,DHCP,342,DHCP Discover - Transaction ID 0x7c1c8376
12518,584.170501,10.218.160.19,10.209.121.249,DHCP,342,DHCP Discover - Transaction ID 0x1e305212
13709,592.335233,10.218.160.19,10.209.121.249,DHCP,342,DHCP Discover - Transaction ID 0x7c1c8376
13812,592.540766,10.218.160.19,10.209.121.249,DHCP,342,DHCP Discover - Transaction ID 0x1e305212
13936,600.516818,10.218.160.19,10.209.121.249,DHCP,342,DHCP Discover - Transaction ID 0x7c1c8376
13937,600.604064,10.218.160.19,10.209.121.249,DHCP,342,DHCP Discover - Transaction ID 0x1e305212
13984,608.919053,10.218.160.19,10.209.121.249,DHCP,342,DHCP Discover - Transaction ID 0x1e305212
13985,609.230113,10.218.160.19,10.209.121.249,DHCP,342,DHCP Discover - Transaction ID 0x7c1c8376
14018,617.549629,10.218.160.19,10.209.121.249,DHCP,342,DHCP Discover - Transaction ID 0x7c1c8376
14019,617.656342,10.218.160.19,10.209.121.249,DHCP,342,DHCP Discover - Transaction ID 0x1e305212
14074,626.365483,10.218.160.19,10.209.121.249,DHCP,342,DHCP Discover - Transaction ID 0x7c1c8376
14075,626.376267,10.218.160.19,10.209.121.249,DHCP,342,DHCP Discover - Transaction ID 0x1e305212
14110,634.683121,10.218.160.19,10.209.121.249,DHCP,342,DHCP Discover - Transaction ID 0x7c1c8376
14113,635.170727,10.218.160.19,10.209.121.249,DHCP,342,DHCP Discover - Transaction ID 0x1e305212
14454,702.993861,10.218.160.19,10.209.121.249,DHCP,342,DHCP Discover - Transaction ID 0x7c1c8377
14457,703.295632,10.218.160.19,10.209.121.249,DHCP,342,DHCP Discover - Transaction ID 0x1e305213
14462,704.443096,10.218.160.19,10.209.121.249,DHCP,342,DHCP Discover - Transaction ID 0x7c1c8377
14465,704.65778,10.218.160.19,10.209.121.249,DHCP,342,DHCP Discover - Transaction ID 0x1e305213
14484,707.340091,10.218.160.19,10.209.121.249,DHCP,342,DHCP Discover - Transaction ID 0x1e305213
14485,707.409864,10.218.160.19,10.209.121.249,DHCP,342,DHCP Discover - Transaction ID 0x7c1c8377
14502,711.537066,10.218.160.19,10.209.121.249,DHCP,342,DHCP Discover - Transaction ID 0x7c1c8377
14505,712.024839,10.218.160.19,10.209.121.249,DHCP,342,DHCP Discover - Transaction ID 0x1e305213
14540,720.276424,10.218.160.19,10.209.121.249,DHCP,342,DHCP Discover - Transaction ID 0x7c1c8377
14543,720.635045,10.218.160.19,10.209.121.249,DHCP,342,DHCP Discover - Transaction ID 0x1e305213
14576,728.609808,10.218.160.19,10.209.121.249,DHCP,342,DHCP Discover - Transaction ID 0x7c1c8377
14579,728.921743,10.218.160.19,10.209.121.249,DHCP,342,DHCP Discover - Transaction ID 0x1e305213
14614,737.586437,10.218.160.19,10.209.121.249,DHCP,342,DHCP Discover - Transaction ID 0x7c1c8377
14615,737.628992,10.218.160.19,10.209.121.249,DHCP,342,DHCP Discover - Transaction ID 0x1e305213
14650,745.686945,10.218.160.19,10.209.121.249,DHCP,342,DHCP Discover - Transaction ID 0x7c1c8377
14653,746.100705,10.218.160.19,10.209.121.249,DHCP,342,DHCP Discover - Transaction ID 0x1e305213
14688,754.111487,10.218.160.19,10.209.121.249,DHCP,342,DHCP Discover - Transaction ID 0x7c1c8377
14689,754.373492,10.218.160.19,10.209.121.249,DHCP,342,DHCP Discover - Transaction ID 0x1e305213
14724,762.90449,10.218.160.19,10.209.121.249,DHCP,342,DHCP Discover - Transaction ID 0x7c1c8377
14727,763.081009,10.218.160.19,10.209.121.249,DHCP,342,DHCP Discover - Transaction ID 0x1e305213
15014,831.053918,10.218.160.19,10.209.121.249,DHCP,342,DHCP Discover - Transaction ID 0x7c1c8378
15015,831.319182,10.218.160.19,10.209.121.249,DHCP,342,DHCP Discover - Transaction ID 0x1e305214
15022,832.625823,10.218.160.19,10.209.121.249,DHCP,342,DHCP Discover - Transaction ID 0x7c1c8378
15023,832.996389,10.218.160.19,10.209.121.249,DHCP,342,DHCP Discover - Transaction ID 0x1e305214
15035,835.135702,10.218.160.19,10.209.121.249,DHCP,342,DHCP Discover - Transaction ID 0x7c1c8378
15036,835.214807,10.218.160.19,10.209.121.249,DHCP,342,DHCP Discover - Transaction ID 0x1e305214
15056,839.488044,10.218.160.19,10.209.121.249,DHCP,342,DHCP Discover - Transaction ID 0x1e305214
15059,839.876382,10.218.160.19,10.209.121.249,DHCP,342,DHCP Discover - Transaction ID 0x7c1c8378
15221,848.040766,10.218.160.19,10.209.121.249,DHCP,342,DHCP Discover - Transaction ID 0x1e305214
15224,848.103446,10.218.160.19,10.209.121.249,DHCP,342,DHCP Discover - Transaction ID 0x7c1c8378
15265,856.584214,10.218.160.19,10.209.121.249,DHCP,342,DHCP Discover - Transaction ID 0x1e305214
15266,857.009452,10.218.160.19,10.209.121.249,DHCP,342,DHCP Discover - Transaction ID 0x7c1c8378
15299,864.966807,10.218.160.19,10.209.121.249,DHCP,342,DHCP Discover - Transaction ID 0x1e305214
15302,865.400425,10.218.160.19,10.209.121.249,DHCP,342,DHCP Discover - Transaction ID 0x7c1c8378
15345,873.659214,10.218.160.19,10.209.121.249,DHCP,342,DHCP Discover - Transaction ID 0x7c1c8378
15346,873.937104,10.218.160.19,10.209.121.249,DHCP,342,DHCP Discover - Transaction ID 0x1e305214
15393,882.209471,10.218.160.19,10.209.121.249,DHCP,342,DHCP Discover - Transaction ID 0x7c1c8378
15394,882.37483,10.218.160.19,10.209.121.249,DHCP,342,DHCP Discover - Transaction ID 0x1e305214
15429,890.55919,10.218.160.19,10.209.121.249,DHCP,342,DHCP Discover - Transaction ID 0x7c1c8378
15430,890.605403,10.218.160.19,10.209.121.249,DHCP,342,DHCP Discover - Transaction ID 0x1e305214
15595,923.197182,10.50.9.120,10.189.174.248,MDNS,143,"Standard query 0x0000 PTR _companion-link._tcp.local, ""QM"" question PTR _rdlink._tcp.local, ""QM"" question PTR Hinddeep‚\200\231s MacBook Air (2)._companion-link._tcp.local"
15598,923.21325,10.6.15.50,10.189.174.248,MDNS,535,"Standard query 0x0000 PTR lb._dns-sd._udp.local, ""QM"" question PTR _airport._tcp.local, ""QM"" question PTR _hap._tcp.local, ""QM"" question PTR _hap._udp.local, ""QM"" question PTR _airplay._tcp.local, ""QM"" question PTR _uscan._tcp.local, ""QM"" question PTR _pdl-datastream._tcp.local, ""QM"" question PTR _uscans._tcp.local, ""QM"" question PTR _ippusb._tcp.local, ""QM"" question PTR _ptp._tcp.local, ""QM"" question PTR _ipp._tcp.local, ""QM"" question PTR _scanner._tcp.local, ""QM"" question PTR _printer._tcp.local, ""QM"" question PTR _ipps._tcp.local, ""QM"" question PTR _apple-mobdev._tcp.local, ""QM"" question PTR 951807ff._sub._apple-mobdev2._tcp.local, ""QM"" question PTR _apple-pairable._tcp.local, ""QM"" question PTR _remotepairing-manual-pairing._tcp.local, ""QM"" question PTR _00000003-c00d-4bb6-cea8-16f18cfc42cc._sub._appletv-v2._tcp.local, ""QM"" question PTR _afpovertcp._tcp.local, ""QM"" question PTR _smb._tcp.local, ""QM"" question PTR _rfb._tcp.local, ""QM"" question PTR _adisk._tcp.local, ""QM"" question PTR Hinddeep‚\200\231s MacBook Air (2)._airplay._tcp.local"
15762,959.437724,10.218.160.19,10.209.121.249,DHCP,342,DHCP Discover - Transaction ID 0x7c1c8379
15763,959.538941,10.218.160.19,10.209.121.249,DHCP,342,DHCP Discover - Transaction ID 0x1e305215
15770,960.887686,10.218.160.19,10.209.121.249,DHCP,342,DHCP Discover - Transaction ID 0x1e305215
15771,961.042215,10.218.160.19,10.209.121.249,DHCP,342,DHCP Discover - Transaction ID 0x7c1c8379
15782,963.492049,10.218.160.19,10.209.121.249,DHCP,342,DHCP Discover - Transaction ID 0x7c1c8379
15783,963.594777,10.218.160.19,10.209.121.249,DHCP,342,DHCP Discover - Transaction ID 0x1e305215
15806,968.408946,10.218.160.19,10.209.121.249,DHCP,342,DHCP Discover - Transaction ID 0x7c1c8379
15807,968.589955,10.218.160.19,10.209.121.249,DHCP,342,DHCP Discover - Transaction ID 0x1e305215
15840,976.707405,10.218.160.19,10.209.121.249,DHCP,342,DHCP Discover - Transaction ID 0x1e305215
15843,977.119503,10.218.160.19,10.209.121.249,DHCP,342,DHCP Discover - Transaction ID 0x7c1c8379
15876,985.002532,10.218.160.19,10.209.121.249,DHCP,342,DHCP Discover - Transaction ID 0x1e305215
15879,985.625613,10.218.160.19,10.209.121.249,DHCP,342,DHCP Discover - Transaction ID 0x7c1c8379
15917,993.992786,10.218.160.19,10.209.121.249,DHCP,342,DHCP Discover - Transaction ID 0x1e305215
15922,994.475493,10.218.160.19,10.209.121.249,DHCP,342,DHCP Discover - Transaction ID 0x7c1c8379
15963,1002.459086,10.218.160.19,10.209.121.249,DHCP,342,DHCP Discover - Transaction ID 0x1e305215
15964,1002.651553,10.218.160.19,10.209.121.249,DHCP,342,DHCP Discover - Transaction ID 0x7c1c8379
16011,1011.234302,10.218.160.19,10.209.121.249,DHCP,342,DHCP Discover - Transaction ID 0x7c1c8379
16012,1011.23853,10.218.160.19,10.209.121.249,DHCP,342,DHCP Discover - Transaction ID 0x1e305215
16045,1019.402454,10.218.160.19,10.209.121.249,DHCP,342,DHCP Discover - Transaction ID 0x1e305215
16050,1020.03506,10.218.160.19,10.209.121.249,DHCP,342,DHCP Discover - Transaction ID 0x7c1c8379
16342,1087.814244,10.218.160.19,10.209.121.249,DHCP,342,DHCP Discover - Transaction ID 0x1e305216
16347,1088.759186,10.218.160.19,10.209.121.249,DHCP,342,DHCP Discover - Transaction ID 0x7c1c837a
16352,1089.373124,10.218.160.19,10.209.121.249,DHCP,342,DHCP Discover - Transaction ID 0x1e305216
16357,1090.141696,10.218.160.19,10.209.121.249,DHCP,342,DHCP Discover - Transaction ID 0x7c1c837a
16364,1091.705265,10.218.160.19,10.209.121.249,DHCP,342,DHCP Discover - Transaction ID 0x1e305216
16369,1092.58396,10.218.160.19,10.209.121.249,DHCP,342,DHCP Discover - Transaction ID 0x7c1c837a
16399,1095.71648,10.218.160.19,10.209.121.249,DHCP,342,DHCP Discover - Transaction ID 0x1e305216
16406,1097.275026,10.218.160.19,10.209.121.249,DHCP,342,DHCP Discover - Transaction ID 0x7c1c837a
16437,1104.619124,10.218.160.19,10.209.121.249,DHCP,342,DHCP Discover - Transaction ID 0x1e305216
16444,1105.978794,10.218.160.19,10.209.121.249,DHCP,342,DHCP Discover - Transaction ID 0x7c1c837a
16482,1113.462411,10.218.160.19,10.209.121.249,DHCP,342,DHCP Discover - Transaction ID 0x1e305216
16489,1114.637465,10.218.160.19,10.209.121.249,DHCP,342,DHCP Discover - Transaction ID 0x7c1c837a
16518,1121.931489,10.218.160.19,10.209.121.249,DHCP,342,DHCP Discover - Transaction ID 0x1e305216
16527,1123.631534,10.218.160.19,10.209.121.249,DHCP,342,DHCP Discover - Transaction ID 0x7c1c837a
16554,1130.485515,10.218.160.19,10.209.121.249,DHCP,342,DHCP Discover - Transaction ID 0x1e305216
16565,1132.274902,10.218.160.19,10.209.121.249,DHCP,342,DHCP Discover - Transaction ID 0x7c1c837a
16596,1138.915843,10.218.160.19,10.209.121.249,DHCP,342,DHCP Discover - Transaction ID 0x1e305216
16605,1140.72546,10.218.160.19,10.209.121.249,DHCP,342,DHCP Discover - Transaction ID 0x7c1c837a
16632,1147.319867,10.218.160.19,10.209.121.249,DHCP,342,DHCP Discover - Transaction ID 0x1e305216
16639,1148.917899,10.218.160.19,10.209.121.249,DHCP,342,DHCP Discover - Transaction ID 0x7c1c837a
16994,1216.263351,10.218.160.19,10.209.121.249,DHCP,342,DHCP Discover - Transaction ID 0x1e305217
16999,1217.386612,10.218.160.19,10.209.121.249,DHCP,342,DHCP Discover - Transaction ID 0x7c1c837b
17002,1217.656141,10.218.160.19,10.209.121.249,DHCP,342,DHCP Discover - Transaction ID 0x1e305217
17007,1218.921842,10.218.160.19,10.209.121.249,DHCP,342,DHCP Discover - Transaction ID 0x7c1c837b
17017,1220.501633,10.218.160.19,10.209.121.249,DHCP,342,DHCP Discover - Transaction ID 0x1e305217
17020,1220.96302,10.218.160.19,10.209.121.249,DHCP,342,DHCP Discover - Transaction ID 0x7c1c837b
17039,1224.718171,10.218.160.19,10.209.121.249,DHCP,342,DHCP Discover - Transaction ID 0x1e305217
17044,1225.826025,10.218.160.19,10.209.121.249,DHCP,342,DHCP Discover - Transaction ID 0x7c1c837b
17073,1232.74247,10.218.160.19,10.209.121.249,DHCP,342,DHCP Discover - Transaction ID 0x1e305217
17082,1234.24705,10.218.160.19,10.209.121.249,DHCP,342,DHCP Discover - Transaction ID 0x7c1c837b
17109,1240.847366,10.218.160.19,10.209.121.249,DHCP,342,DHCP Discover - Transaction ID 0x1e305217
17116,1242.493455,10.218.160.19,10.209.121.249,DHCP,342,DHCP Discover - Transaction ID 0x7c1c837b
17146,1249.670123,10.218.160.19,10.209.121.249,DHCP,342,DHCP Discover - Transaction ID 0x1e305217
17156,1251.457982,10.218.160.19,10.209.121.249,DHCP,342,DHCP Discover - Transaction ID 0x7c1c837b
17183,1257.76896,10.218.160.19,10.209.121.249,DHCP,342,DHCP Discover - Transaction ID 0x1e305217
17190,1259.535869,10.218.160.19,10.209.121.249,DHCP,342,DHCP Discover - Transaction ID 0x7c1c837b
17223,1265.934872,10.218.160.19,10.209.121.249,DHCP,342,DHCP Discover - Transaction ID 0x1e305217
17295,1268.257084,10.218.160.19,10.209.121.249,DHCP,342,DHCP Discover - Transaction ID 0x7c1c837b
17589,1274.105026,10.218.160.19,10.209.121.249,DHCP,342,DHCP Discover - Transaction ID 0x1e305217
17602,1276.915411,10.218.160.19,10.209.121.249,DHCP,342,DHCP Discover - Transaction ID 0x7c1c837b
17652,1283.000859,10.6.15.50,10.189.174.248,MDNS,271,"Standard query response 0x0000 TXT, cache flush NSEC, cache flush Hinddeep‚\200\231s MacBook Air (2)._companion-link._tcp.local"
17659,1284.000429,10.6.15.50,10.189.174.248,MDNS,271,"Standard query response 0x0000 TXT, cache flush NSEC, cache flush Hinddeep‚\200\231s MacBook Air (2)._companion-link._tcp.local"
17671,1286.000184,10.6.15.50,10.189.174.248,MDNS,271,"Standard query response 0x0000 TXT, cache flush NSEC, cache flush Hinddeep‚\200\231s MacBook Air (2)._companion-link._tcp.local"
17690,1290.001133,10.6.15.50,10.189.174.248,MDNS,271,"Standard query response 0x0000 TXT, cache flush NSEC, cache flush Hinddeep‚\200\231s MacBook Air (2)._companion-link._tcp.local"
17910,1342.873189,10.218.160.19,10.209.121.249,DHCP,342,DHCP Discover - Transaction ID 0x1e305218
17917,1344.43392,10.218.160.19,10.209.121.249,DHCP,342,DHCP Discover - Transaction ID 0x1e305218
17922,1345.399507,10.218.160.19,10.209.121.249,DHCP,342,DHCP Discover - Transaction ID 0x7c1c837c
17927,1346.557823,10.218.160.19,10.209.121.249,DHCP,342,DHCP Discover - Transaction ID 0x1e305218
17930,1347.254782,10.218.160.19,10.209.121.249,DHCP,342,DHCP Discover - Transaction ID 0x7c1c837c
17939,1349.33696,10.218.160.19,10.209.121.249,DHCP,342,DHCP Discover - Transaction ID 0x7c1c837c
17956,1350.639526,10.218.160.19,10.209.121.249,DHCP,342,DHCP Discover - Transaction ID 0x1e305218
17980,1353.738515,10.218.160.19,10.209.121.249,DHCP,342,DHCP Discover - Transaction ID 0x7c1c837c
18005,1359.367386,10.218.160.19,10.209.121.249,DHCP,342,DHCP Discover - Transaction ID 0x1e305218
18016,1362.319299,10.218.160.19,10.209.121.249,DHCP,342,DHCP Discover - Transaction ID 0x7c1c837c
18041,1367.833805,10.218.160.19,10.209.121.249,DHCP,342,DHCP Discover - Transaction ID 0x1e305218
18054,1370.410381,10.218.160.19,10.209.121.249,DHCP,342,DHCP Discover - Transaction ID 0x7c1c837c
18079,1376.687869,10.218.160.19,10.209.121.249,DHCP,342,DHCP Discover - Transaction ID 0x1e305218
18088,1378.601443,10.218.160.19,10.209.121.249,DHCP,342,DHCP Discover - Transaction ID 0x7c1c837c
18115,1384.903226,10.218.160.19,10.209.121.249,DHCP,342,DHCP Discover - Transaction ID 0x1e305218
18128,1387.524396,10.218.160.19,10.209.121.249,DHCP,342,DHCP Discover - Transaction ID 0x7c1c837c
18155,1393.640184,10.218.160.19,10.209.121.249,DHCP,342,DHCP Discover - Transaction ID 0x1e305218
18166,1396.248759,10.218.160.19,10.209.121.249,DHCP,342,DHCP Discover - Transaction ID 0x7c1c837c
18189,1401.683073,10.218.160.19,10.209.121.249,DHCP,342,DHCP Discover - Transaction ID 0x1e305218
18202,1404.797196,10.218.160.19,10.209.121.249,DHCP,342,DHCP Discover - Transaction ID 0x7c1c837c
18773,1470.372265,10.218.160.19,10.209.121.249,DHCP,342,DHCP Discover - Transaction ID 0x1e305219
18778,1471.407025,10.218.160.19,10.209.121.249,DHCP,342,DHCP Discover - Transaction ID 0x1e305219
18787,1473.127983,10.218.160.19,10.209.121.249,DHCP,342,DHCP Discover - Transaction ID 0x7c1c837d
18792,1474.196706,10.218.160.19,10.209.121.249,DHCP,342,DHCP Discover - Transaction ID 0x1e305219
18795,1475.016176,10.218.160.19,10.209.121.249,DHCP,342,DHCP Discover - Transaction ID 0x7c1c837d
18812,1477.990809,10.218.160.19,10.209.121.249,DHCP,342,DHCP Discover - Transaction ID 0x7c1c837d
18817,1479.006111,10.218.160.19,10.209.121.249,DHCP,342,DHCP Discover - Transaction ID 0x1e305219
18832,1482.106987,10.218.160.19,10.209.121.249,DHCP,342,DHCP Discover - Transaction ID 0x7c1c837d
18853,1487.367511,10.218.160.19,10.209.121.249,DHCP,342,DHCP Discover - Transaction ID 0x1e305219
18871,1490.918868,10.218.160.19,10.209.121.249,DHCP,342,DHCP Discover - Transaction ID 0x7c1c837d
18891,1495.529409,10.218.160.19,10.209.121.249,DHCP,342,DHCP Discover - Transaction ID 0x1e305219
18969,1498.936604,10.218.160.19,10.209.121.249,DHCP,342,DHCP Discover - Transaction ID 0x7c1c837d
18990,1503.732205,10.218.160.19,10.209.121.249,DHCP,342,DHCP Discover - Transaction ID 0x1e305219
19007,1507.143612,10.218.160.19,10.209.121.249,DHCP,342,DHCP Discover - Transaction ID 0x7c1c837d
19028,1511.750605,10.218.160.19,10.209.121.249,DHCP,342,DHCP Discover - Transaction ID 0x1e305219
19055,1515.323832,10.218.160.19,10.209.121.249,DHCP,342,DHCP Discover - Transaction ID 0x7c1c837d
19072,1520.00175,10.218.160.19,10.209.121.249,DHCP,342,DHCP Discover - Transaction ID 0x1e305219
19091,1523.81836,10.218.160.19,10.209.121.249,DHCP,342,DHCP Discover - Transaction ID 0x7c1c837d
19112,1528.958996,10.218.160.19,10.209.121.249,DHCP,342,DHCP Discover - Transaction ID 0x1e305219
19125,1531.895338,10.218.160.19,10.209.121.249,DHCP,342,DHCP Discover - Transaction ID 0x7c1c837d
20827,1597.557699,10.218.160.19,10.209.121.249,DHCP,342,DHCP Discover - Transaction ID 0x1e30521a
20968,1598.56428,10.218.160.19,10.209.121.249,DHCP,342,DHCP Discover - Transaction ID 0x1e30521a
20986,1600.530497,10.218.160.19,10.209.121.249,DHCP,342,DHCP Discover - Transaction ID 0x7c1c837e
20989,1601.340548,10.218.160.19,10.209.121.249,DHCP,342,DHCP Discover - Transaction ID 0x1e30521a
20992,1601.746897,10.218.160.19,10.209.121.249,DHCP,342,DHCP Discover - Transaction ID 0x7c1c837e
21008,1604.565334,10.218.160.19,10.209.121.249,DHCP,342,DHCP Discover - Transaction ID 0x7c1c837e
21019,1605.81944,10.218.160.19,10.209.121.249,DHCP,342,DHCP Discover - Transaction ID 0x1e30521a
21104,1608.601475,10.218.160.19,10.209.121.249,DHCP,342,DHCP Discover - Transaction ID 0x7c1c837e
21129,1614.706585,10.218.160.19,10.209.121.249,DHCP,342,DHCP Discover - Transaction ID 0x1e30521a
21138,1616.821559,10.218.160.19,10.209.121.249,DHCP,342,DHCP Discover - Transaction ID 0x7c1c837e
21239,1623.288875,10.218.160.19,10.209.121.249,DHCP,342,DHCP Discover - Transaction ID 0x1e30521a
21256,1624.908759,10.218.160.19,10.209.121.249,DHCP,342,DHCP Discover - Transaction ID 0x7c1c837e
21285,1631.720937,10.218.160.19,10.209.121.249,DHCP,342,DHCP Discover - Transaction ID 0x1e30521a
21292,1633.354664,10.218.160.19,10.209.121.249,DHCP,342,DHCP Discover - Transaction ID 0x7c1c837e
21323,1640.555788,10.218.160.19,10.209.121.249,DHCP,342,DHCP Discover - Transaction ID 0x1e30521a
21330,1642.090503,10.218.160.19,10.209.121.249,DHCP,342,DHCP Discover - Transaction ID 0x7c1c837e
21361,1649.342627,10.218.160.19,10.209.121.249,DHCP,342,DHCP Discover - Transaction ID 0x1e30521a
21366,1650.475131,10.218.160.19,10.209.121.249,DHCP,342,DHCP Discover - Transaction ID 0x7c1c837e
21395,1657.473206,10.218.160.19,10.209.121.249,DHCP,342,DHCP Discover - Transaction ID 0x1e30521a
21402,1658.632739,10.218.160.19,10.209.121.249,DHCP,342,DHCP Discover - Transaction ID 0x7c1c837e
21948,1726.163438,10.218.160.19,10.209.121.249,DHCP,342,DHCP Discover - Transaction ID 0x1e30521b
21956,1727.112379,10.218.160.19,10.209.121.249,DHCP,342,DHCP Discover - Transaction ID 0x7c1c837f
21963,1727.927972,10.218.160.19,10.209.121.249,DHCP,342,DHCP Discover - Transaction ID 0x1e30521b
21968,1728.76765,10.218.160.19,10.209.121.249,DHCP,342,DHCP Discover - Transaction ID 0x7c1c837f
21981,1730.524099,10.218.160.19,10.209.121.249,DHCP,342,DHCP Discover - Transaction ID 0x1e30521b
21984,1731.099557,10.218.160.19,10.209.121.249,DHCP,342,DHCP Discover - Transaction ID 0x7c1c837f
21999,1734.652253,10.218.160.19,10.209.121.249,DHCP,342,DHCP Discover - Transaction ID 0x1e30521b
22006,1735.923315,10.218.160.19,10.209.121.249,DHCP,342,DHCP Discover - Transaction ID 0x7c1c837f
22035,1743.161506,10.218.160.19,10.209.121.249,DHCP,342,DHCP Discover - Transaction ID 0x1e30521b
22042,1744.466039,10.218.160.19,10.209.121.249,DHCP,342,DHCP Discover - Transaction ID 0x7c1c837f
22073,1751.867872,10.218.160.19,10.209.121.249,DHCP,342,DHCP Discover - Transaction ID 0x1e30521b
22076,1752.545481,10.218.160.19,10.209.121.249,DHCP,342,DHCP Discover - Transaction ID 0x7c1c837f
22132,1760.381897,10.218.160.19,10.209.121.249,DHCP,342,DHCP Discover - Transaction ID 0x1e30521b
22133,1760.672829,10.218.160.19,10.209.121.249,DHCP,342,DHCP Discover - Transaction ID 0x7c1c837f
22168,1768.447474,10.218.160.19,10.209.121.249,DHCP,342,DHCP Discover - Transaction ID 0x1e30521b
22171,1769.273793,10.218.160.19,10.209.121.249,DHCP,342,DHCP Discover - Transaction ID 0x7c1c837f
22213,1777.397165,10.218.160.19,10.209.121.249,DHCP,342,DHCP Discover - Transaction ID 0x1e30521b
22216,1778.081251,10.218.160.19,10.209.121.249,DHCP,342,DHCP Discover - Transaction ID 0x7c1c837f
22249,1786.181166,10.218.160.19,10.209.121.249,DHCP,342,DHCP Discover - Transaction ID 0x1e30521b
22252,1786.43704,10.218.160.19,10.209.121.249,DHCP,342,DHCP Discover - Transaction ID 0x7c1c837f
24465,1855.028346,10.218.160.19,10.209.121.249,DHCP,342,DHCP Discover - Transaction ID 0x7c1c8380
24466,1855.042864,10.218.160.19,10.209.121.249,DHCP,342,DHCP Discover - Transaction ID 0x1e30521c
24471,1856.325981,10.218.160.19,10.209.121.249,DHCP,342,DHCP Discover - Transaction ID 0x1e30521c
24474,1856.541408,10.218.160.19,10.209.121.249,DHCP,342,DHCP Discover - Transaction ID 0x7c1c8380
24485,1859.118209,10.218.160.19,10.209.121.249,DHCP,342,DHCP Discover - Transaction ID 0x1e30521c
24486,1859.407404,10.218.160.19,10.209.121.249,DHCP,342,DHCP Discover - Transaction ID 0x7c1c8380
24514,1863.727024,10.218.160.19,10.209.121.249,DHCP,342,DHCP Discover - Transaction ID 0x1e30521c
24517,1864.382695,10.218.160.19,10.209.121.249,DHCP,342,DHCP Discover - Transaction ID 0x7c1c8380
24550,1872.138873,10.218.160.19,10.209.121.249,DHCP,342,DHCP Discover - Transaction ID 0x1e30521c
24557,1873.296807,10.218.160.19,10.209.121.249,DHCP,342,DHCP Discover - Transaction ID 0x7c1c8380
24602,1880.51113,10.218.160.19,10.209.121.249,DHCP,342,DHCP Discover - Transaction ID 0x1e30521c
24607,1881.773878,10.218.160.19,10.209.121.249,DHCP,342,DHCP Discover - Transaction ID 0x7c1c8380
24690,1889.020581,10.218.160.19,10.209.121.249,DHCP,342,DHCP Discover - Transaction ID 0x1e30521c
24699,1890.591221,10.218.160.19,10.209.121.249,DHCP,342,DHCP Discover - Transaction ID 0x7c1c8380
24730,1897.515062,10.218.160.19,10.209.121.249,DHCP,342,DHCP Discover - Transaction ID 0x1e30521c
24737,1898.635549,10.218.160.19,10.209.121.249,DHCP,342,DHCP Discover - Transaction ID 0x7c1c8380
24872,1905.742977,10.218.160.19,10.209.121.249,DHCP,342,DHCP Discover - Transaction ID 0x1e30521c
24877,1906.989551,10.218.160.19,10.209.121.249,DHCP,342,DHCP Discover - Transaction ID 0x7c1c8380
25093,1914.294458,10.218.160.19,10.209.121.249,DHCP,342,DHCP Discover - Transaction ID 0x1e30521c
25098,1915.313932,10.218.160.19,10.209.121.249,DHCP,342,DHCP Discover - Transaction ID 0x7c1c8380
25923,1982.802207,10.218.160.19,10.209.121.249,DHCP,342,DHCP Discover - Transaction ID 0x1e30521d
25932,1984.311661,10.218.160.19,10.209.121.249,DHCP,342,DHCP Discover - Transaction ID 0x7c1c8381
25933,1984.605299,10.218.160.19,10.209.121.249,DHCP,342,DHCP Discover - Transaction ID 0x1e30521d
25938,1985.339525,10.218.160.19,10.209.121.249,DHCP,342,DHCP Discover - Transaction ID 0x7c1c8381
25943,1986.622751,10.218.160.19,10.209.121.249,DHCP,342,DHCP Discover - Transaction ID 0x1e30521d
25948,1987.522415,10.218.160.19,10.209.121.249,DHCP,342,DHCP Discover - Transaction ID 0x7c1c8381
25965,1991.532133,10.218.160.19,10.209.121.249,DHCP,342,DHCP Discover - Transaction ID 0x1e30521d
25970,1992.350475,10.218.160.19,10.209.121.249,DHCP,342,DHCP Discover - Transaction ID 0x7c1c8381
26014,2000.197129,10.218.160.19,10.209.121.249,DHCP,342,DHCP Discover - Transaction ID 0x1e30521d
26017,2000.647542,10.218.160.19,10.209.121.249,DHCP,342,DHCP Discover - Transaction ID 0x7c1c8381
26054,2008.490826,10.218.160.19,10.209.121.249,DHCP,342,DHCP Discover - Transaction ID 0x1e30521d
26057,2009.080379,10.218.160.19,10.209.121.249,DHCP,342,DHCP Discover - Transaction ID 0x7c1c8381
26090,2016.613625,10.218.160.19,10.209.121.249,DHCP,342,DHCP Discover - Transaction ID 0x1e30521d
26095,2017.677573,10.218.160.19,10.209.121.249,DHCP,342,DHCP Discover - Transaction ID 0x7c1c8381
26126,2024.913699,10.218.160.19,10.209.121.249,DHCP,342,DHCP Discover - Transaction ID 0x1e30521d
26131,2026.037161,10.218.160.19,10.209.121.249,DHCP,342,DHCP Discover - Transaction ID 0x7c1c8381
26162,2033.603018,10.218.160.19,10.209.121.249,DHCP,342,DHCP Discover - Transaction ID 0x1e30521d
26167,2034.697065,10.218.160.19,10.209.121.249,DHCP,342,DHCP Discover - Transaction ID 0x7c1c8381
26200,2041.891123,10.218.160.19,10.209.121.249,DHCP,342,DHCP Discover - Transaction ID 0x1e30521d
26205,2043.272342,10.218.160.19,10.209.121.249,DHCP,342,DHCP Discover - Transaction ID 0x7c1c8381
26744,2110.107888,10.218.160.19,10.209.121.249,DHCP,342,DHCP Discover - Transaction ID 0x1e30521e
26749,2111.380748,10.218.160.19,10.209.121.249,DHCP,342,DHCP Discover - Transaction ID 0x7c1c8382
26752,2111.68861,10.218.160.19,10.209.121.249,DHCP,342,DHCP Discover - Transaction ID 0x1e30521e
26757,2112.830127,10.218.160.19,10.209.121.249,DHCP,342,DHCP Discover - Transaction ID 0x7c1c8382
26762,2113.869653,10.218.160.19,10.209.121.249,DHCP,342,DHCP Discover - Transaction ID 0x1e30521e
26769,2115.004776,10.218.160.19,10.209.121.249,DHCP,342,DHCP Discover - Transaction ID 0x7c1c8382
26792,2117.923885,10.218.160.19,10.209.121.249,DHCP,342,DHCP Discover - Transaction ID 0x1e30521e
26820,2120.005459,10.218.160.19,10.209.121.249,DHCP,342,DHCP Discover - Transaction ID 0x7c1c8382
26875,2126.249185,10.218.160.19,10.209.121.249,DHCP,342,DHCP Discover - Transaction ID 0x1e30521e
26886,2128.640681,10.218.160.19,10.209.121.249,DHCP,342,DHCP Discover - Transaction ID 0x7c1c8382
26913,2134.960185,10.218.160.19,10.209.121.249,DHCP,342,DHCP Discover - Transaction ID 0x1e30521e
26926,2137.523648,10.218.160.19,10.209.121.249,DHCP,342,DHCP Discover - Transaction ID 0x7c1c8382
26951,2143.570807,10.218.160.19,10.209.121.249,DHCP,342,DHCP Discover - Transaction ID 0x1e30521e
26960,2145.955931,10.218.160.19,10.209.121.249,DHCP,342,DHCP Discover - Transaction ID 0x7c1c8382
26989,2152.391559,10.218.160.19,10.209.121.249,DHCP,342,DHCP Discover - Transaction ID 0x1e30521e
27002,2154.014586,10.218.160.19,10.209.121.249,DHCP,342,DHCP Discover - Transaction ID 0x7c1c8382
27074,2160.600471,10.218.160.19,10.209.121.249,DHCP,342,DHCP Discover - Transaction ID 0x1e30521e
27083,2162.838946,10.218.160.19,10.209.121.249,DHCP,342,DHCP Discover - Transaction ID 0x7c1c8382
27110,2168.967991,10.218.160.19,10.209.121.249,DHCP,342,DHCP Discover - Transaction ID 0x1e30521e
27325,2171.426715,10.218.160.19,10.209.121.249,DHCP,342,DHCP Discover - Transaction ID 0x7c1c8382
27757,2237.830716,10.218.160.19,10.209.121.249,DHCP,342,DHCP Discover - Transaction ID 0x1e30521f
27777,2239.365758,10.218.160.19,10.209.121.249,DHCP,342,DHCP Discover - Transaction ID 0x1e30521f
27780,2239.657601,10.218.160.19,10.209.121.249,DHCP,342,DHCP Discover - Transaction ID 0x7c1c8383
27785,2241.032098,10.218.160.19,10.209.121.249,DHCP,342,DHCP Discover - Transaction ID 0x7c1c8383
27788,2241.521556,10.218.160.19,10.209.121.249,DHCP,342,DHCP Discover - Transaction ID 0x1e30521f
27804,2243.117302,10.218.160.19,10.209.121.249,DHCP,342,DHCP Discover - Transaction ID 0x7c1c8383
27821,2246.269255,10.218.160.19,10.209.121.249,DHCP,342,DHCP Discover - Transaction ID 0x1e30521f
27828,2247.750974,10.218.160.19,10.209.121.249,DHCP,342,DHCP Discover - Transaction ID 0x7c1c8383
27857,2255.088305,10.218.160.19,10.209.121.249,DHCP,342,DHCP Discover - Transaction ID 0x1e30521f
27862,2256.049891,10.218.160.19,10.209.121.249,DHCP,342,DHCP Discover - Transaction ID 0x7c1c8383
27893,2263.287974,10.218.160.19,10.209.121.249,DHCP,342,DHCP Discover - Transaction ID 0x1e30521f
27898,2264.189859,10.218.160.19,10.209.121.249,DHCP,342,DHCP Discover - Transaction ID 0x7c1c8383
27927,2271.398043,10.218.160.19,10.209.121.249,DHCP,342,DHCP Discover - Transaction ID 0x1e30521f
27934,2273.065269,10.218.160.19,10.209.121.249,DHCP,342,DHCP Discover - Transaction ID 0x7c1c8383
27967,2280.242799,10.218.160.19,10.209.121.249,DHCP,342,DHCP Discover - Transaction ID 0x1e30521f
27974,2281.731953,10.218.160.19,10.209.121.249,DHCP,342,DHCP Discover - Transaction ID 0x7c1c8383
28005,2289.160992,10.218.160.19,10.209.121.249,DHCP,342,DHCP Discover - Transaction ID 0x1e30521f
28010,2290.689289,10.218.160.19,10.209.121.249,DHCP,342,DHCP Discover - Transaction ID 0x7c1c8383
28043,2298.0844,10.218.160.19,10.209.121.249,DHCP,342,DHCP Discover - Transaction ID 0x1e30521f
28048,2298.723896,10.218.160.19,10.209.121.249,DHCP,342,DHCP Discover - Transaction ID 0x7c1c8383
28068,2303.358346,10.6.15.50,10.189.174.248,MDNS,271,"Standard query response 0x0000 TXT, cache flush NSEC, cache flush Hinddeep‚\200\231s MacBook Air (2)._companion-link._tcp.local"
28075,2304.359777,10.6.15.50,10.189.174.248,MDNS,271,"Standard query response 0x0000 TXT, cache flush NSEC, cache flush Hinddeep‚\200\231s MacBook Air (2)._companion-link._tcp.local"
28088,2306.359082,10.6.15.50,10.189.174.248,MDNS,271,"Standard query response 0x0000 TXT, cache flush NSEC, cache flush Hinddeep‚\200\231s MacBook Air (2)._companion-link._tcp.local"
28107,2310.359972,10.6.15.50,10.189.174.248,MDNS,271,"Standard query response 0x0000 TXT, cache flush NSEC, cache flush Hinddeep‚\200\231s MacBook Air (2)._companion-link._tcp.local"
28405,2366.235975,10.218.160.19,10.209.121.249,DHCP,342,DHCP Discover - Transaction ID 0x1e305220
28410,2367.256925,10.218.160.19,10.209.121.249,DHCP,342,DHCP Discover - Transaction ID 0x7c1c8384
28415,2368.080173,10.218.160.19,10.209.121.249,DHCP,342,DHCP Discover - Transaction ID 0x1e305220
28418,2368.545408,10.218.160.19,10.209.121.249,DHCP,342,DHCP Discover - Transaction ID 0x7c1c8384
28431,2370.709391,10.218.160.19,10.209.121.249,DHCP,342,DHCP Discover - Transaction ID 0x7c1c8384
28434,2371.015478,10.218.160.19,10.209.121.249,DHCP,342,DHCP Discover - Transaction ID 0x1e305220
28471,2375.279993,10.218.160.19,10.209.121.249,DHCP,342,DHCP Discover - Transaction ID 0x7c1c8384
28474,2375.471208,10.218.160.19,10.209.121.249,DHCP,342,DHCP Discover - Transaction ID 0x1e305220
28507,2383.37134,10.218.160.19,10.209.121.249,DHCP,342,DHCP Discover - Transaction ID 0x7c1c8384
28510,2384.079865,10.218.160.19,10.209.121.249,DHCP,342,DHCP Discover - Transaction ID 0x1e305220
28543,2391.379707,10.218.160.19,10.209.121.249,DHCP,342,DHCP Discover - Transaction ID 0x7c1c8384
28548,2392.540455,10.218.160.19,10.209.121.249,DHCP,342,DHCP Discover - Transaction ID 0x1e305220
28583,2400.373499,10.218.160.19,10.209.121.249,DHCP,342,DHCP Discover - Transaction ID 0x7c1c8384
28586,2401.261129,10.218.160.19,10.209.121.249,DHCP,342,DHCP Discover - Transaction ID 0x1e305220
28617,2408.562407,10.218.160.19,10.209.121.249,DHCP,342,DHCP Discover - Transaction ID 0x7c1c8384
28622,2409.720987,10.218.160.19,10.209.121.249,DHCP,342,DHCP Discover - Transaction ID 0x1e305220
28655,2417.562381,10.218.160.19,10.209.121.249,DHCP,342,DHCP Discover - Transaction ID 0x7c1c8384
28660,2418.666993,10.218.160.19,10.209.121.249,DHCP,342,DHCP Discover - Transaction ID 0x1e305220
28691,2425.597134,10.218.160.19,10.209.121.249,DHCP,342,DHCP Discover - Transaction ID 0x7c1c8384
28700,2427.403428,10.218.160.19,10.209.121.249,DHCP,342,DHCP Discover - Transaction ID 0x1e305220
29061,2494.544791,10.218.160.19,10.209.121.249,DHCP,342,DHCP Discover - Transaction ID 0x7c1c8385
29066,2495.660803,10.218.160.19,10.209.121.249,DHCP,342,DHCP Discover - Transaction ID 0x1e305221
29069,2496.212413,10.218.160.19,10.209.121.249,DHCP,342,DHCP Discover - Transaction ID 0x7c1c8385
29074,2497.165,10.218.160.19,10.209.121.249,DHCP,342,DHCP Discover - Transaction ID 0x1e305221
29081,2499.052159,10.218.160.19,10.209.121.249,DHCP,342,DHCP Discover - Transaction ID 0x7c1c8385
29086,2499.972695,10.218.160.19,10.209.121.249,DHCP,342,DHCP Discover - Transaction ID 0x1e305221
29103,2503.595725,10.218.160.19,10.209.121.249,DHCP,342,DHCP Discover - Transaction ID 0x7c1c8385
29104,2503.980957,10.218.160.19,10.209.121.249,DHCP,342,DHCP Discover - Transaction ID 0x1e305221
29149,2511.811014,10.218.160.19,10.209.121.249,DHCP,342,DHCP Discover - Transaction ID 0x7c1c8385
29155,2512.61114,10.218.160.19,10.209.121.249,DHCP,342,DHCP Discover - Transaction ID 0x1e305221
29246,2520.101834,10.218.160.19,10.209.121.249,DHCP,342,DHCP Discover - Transaction ID 0x7c1c8385
29251,2520.780489,10.218.160.19,10.209.121.249,DHCP,342,DHCP Discover - Transaction ID 0x1e305221
29284,2528.577227,10.218.160.19,10.209.121.249,DHCP,342,DHCP Discover - Transaction ID 0x7c1c8385
29287,2529.505177,10.218.160.19,10.209.121.249,DHCP,342,DHCP Discover - Transaction ID 0x1e305221
29320,2536.868039,10.218.160.19,10.209.121.249,DHCP,342,DHCP Discover - Transaction ID 0x7c1c8385
29327,2538.221384,10.218.160.19,10.209.121.249,DHCP,342,DHCP Discover - Transaction ID 0x1e305221
29358,2545.389204,10.218.160.19,10.209.121.249,DHCP,342,DHCP Discover - Transaction ID 0x7c1c8385
29365,2546.640684,10.218.160.19,10.209.121.249,DHCP,342,DHCP Discover - Transaction ID 0x1e305221
29394,2553.800926,10.218.160.19,10.209.121.249,DHCP,342,DHCP Discover - Transaction ID 0x7c1c8385
29399,2554.933333,10.218.160.19,10.209.121.249,DHCP,342,DHCP Discover - Transaction ID 0x1e305221
29750,2622.48156,10.218.160.19,10.209.121.249,DHCP,342,DHCP Discover - Transaction ID 0x7c1c8386
29755,2623.700822,10.218.160.19,10.209.121.249,DHCP,342,DHCP Discover - Transaction ID 0x1e305222
29756,2623.700884,10.218.160.19,10.209.121.249,DHCP,342,DHCP Discover - Transaction ID 0x7c1c8386
29765,2625.565771,10.218.160.19,10.209.121.249,DHCP,342,DHCP Discover - Transaction ID 0x1e305222
29766,2625.738333,10.218.160.19,10.209.121.249,DHCP,342,DHCP Discover - Transaction ID 0x7c1c8386
29781,2628.45046,10.218.160.19,10.209.121.249,DHCP,342,DHCP Discover - Transaction ID 0x1e305222
29813,2630.458521,10.218.160.19,10.209.121.249,DHCP,342,DHCP Discover - Transaction ID 0x7c1c8386
29828,2633.395037,10.218.160.19,10.209.121.249,DHCP,342,DHCP Discover - Transaction ID 0x1e305222
29851,2639.232793,10.218.160.19,10.209.121.249,DHCP,342,DHCP Discover - Transaction ID 0x7c1c8386
29864,2642.23432,10.218.160.19,10.209.121.249,DHCP,342,DHCP Discover - Transaction ID 0x1e305222
29887,2647.48136,10.218.160.19,10.209.121.249,DHCP,342,DHCP Discover - Transaction ID 0x7c1c8386
29900,2650.698438,10.218.160.19,10.209.121.249,DHCP,342,DHCP Discover - Transaction ID 0x1e305222
29923,2656.015421,10.218.160.19,10.209.121.249,DHCP,342,DHCP Discover - Transaction ID 0x7c1c8386
29938,2659.144759,10.218.160.19,10.209.121.249,DHCP,342,DHCP Discover - Transaction ID 0x1e305222
29959,2664.0928,10.218.160.19,10.209.121.249,DHCP,342,DHCP Discover - Transaction ID 0x7c1c8386
29974,2667.817266,10.218.160.19,10.209.121.249,DHCP,342,DHCP Discover - Transaction ID 0x1e305222
29995,2673.014799,10.218.160.19,10.209.121.249,DHCP,342,DHCP Discover - Transaction ID 0x7c1c8386
30012,2676.608454,10.218.160.19,10.209.121.249,DHCP,342,DHCP Discover - Transaction ID 0x1e305222
30068,2681.991459,10.218.160.19,10.209.121.249,DHCP,342,DHCP Discover - Transaction ID 0x7c1c8386
30079,2684.765836,10.218.160.19,10.209.121.249,DHCP,342,DHCP Discover - Transaction ID 0x1e305222
30755,2750.323768,10.218.160.19,10.209.121.249,DHCP,342,DHCP Discover - Transaction ID 0x7c1c8387
30764,2752.053553,10.218.160.19,10.209.121.249,DHCP,342,DHCP Discover - Transaction ID 0x7c1c8387
30769,2752.953294,10.218.160.19,10.209.121.249,DHCP,342,DHCP Discover - Transaction ID 0x1e305223
30776,2754.522812,10.218.160.19,10.209.121.249,DHCP,342,DHCP Discover - Transaction ID 0x1e305223
30777,2754.761151,10.218.160.19,10.209.121.249,DHCP,342,DHCP Discover - Transaction ID 0x7c1c8387
30788,2757.352625,10.218.160.19,10.209.121.249,DHCP,342,DHCP Discover - Transaction ID 0x1e305223
30799,2759.480345,10.218.160.19,10.209.121.249,DHCP,342,DHCP Discover - Transaction ID 0x7c1c8387
30820,2761.91144,10.218.160.19,10.209.121.249,DHCP,342,DHCP Discover - Transaction ID 0x1e305223
30849,2768.350325,10.218.160.19,10.209.121.249,DHCP,342,DHCP Discover - Transaction ID 0x7c1c8387
30860,2770.85897,10.218.160.19,10.209.121.249,DHCP,342,DHCP Discover - Transaction ID 0x1e305223
30889,2776.996853,10.218.160.19,10.209.121.249,DHCP,342,DHCP Discover - Transaction ID 0x7c1c8387
30900,2779.609258,10.218.160.19,10.209.121.249,DHCP,342,DHCP Discover - Transaction ID 0x1e305223
30934,2785.834726,10.218.160.19,10.209.121.249,DHCP,342,DHCP Discover - Transaction ID 0x7c1c8387
30945,2788.3336,10.218.160.19,10.209.121.249,DHCP,342,DHCP Discover - Transaction ID 0x1e305223
30971,2794.29773,10.218.160.19,10.209.121.249,DHCP,342,DHCP Discover - Transaction ID 0x7c1c8387
30984,2796.485917,10.218.160.19,10.209.121.249,DHCP,342,DHCP Discover - Transaction ID 0x1e305223
31016,2802.849319,10.218.160.19,10.209.121.249,DHCP,342,DHCP Discover - Transaction ID 0x7c1c8387
31029,2805.359342,10.218.160.19,10.209.121.249,DHCP,342,DHCP Discover - Transaction ID 0x1e305223
31052,2811.12308,10.218.160.19,10.209.121.249,DHCP,342,DHCP Discover - Transaction ID 0x7c1c8387
31065,2814.16223,10.218.160.19,10.209.121.249,DHCP,342,DHCP Discover - Transaction ID 0x1e305223
31719,2879.84114,10.218.160.19,10.209.121.249,DHCP,342,DHCP Discover - Transaction ID 0x7c1c8388
31734,2881.695158,10.218.160.19,10.209.121.249,DHCP,342,DHCP Discover - Transaction ID 0x7c1c8388
31739,2882.525308,10.218.160.19,10.209.121.249,DHCP,342,DHCP Discover - Transaction ID 0x1e305224
31762,2883.668201,10.218.160.19,10.209.121.249,DHCP,342,DHCP Discover - Transaction ID 0x1e305224
31769,2884.594489,10.218.160.19,10.209.121.249,DHCP,342,DHCP Discover - Transaction ID 0x7c1c8388
31783,2886.030423,10.218.160.19,10.209.121.249,DHCP,342,DHCP Discover - Transaction ID 0x1e305224
31794,2888.787137,10.218.160.19,10.209.121.249,DHCP,342,DHCP Discover - Transaction ID 0x7c1c8388
31803,2890.743951,10.218.160.19,10.209.121.249,DHCP,342,DHCP Discover - Transaction ID 0x1e305224
31864,2897.605237,10.218.160.19,10.209.121.249,DHCP,342,DHCP Discover - Transaction ID 0x7c1c8388
31873,2899.411731,10.218.160.19,10.209.121.249,DHCP,342,DHCP Discover - Transaction ID 0x1e305224
31898,2905.736712,10.218.160.19,10.209.121.249,DHCP,342,DHCP Discover - Transaction ID 0x7c1c8388
31917,2908.402722,10.218.160.19,10.209.121.249,DHCP,342,DHCP Discover - Transaction ID 0x1e305224
32044,2914.48642,10.218.160.19,10.209.121.249,DHCP,342,DHCP Discover - Transaction ID 0x7c1c8388
32053,2916.617279,10.218.160.19,10.209.121.249,DHCP,342,DHCP Discover - Transaction ID 0x1e305224
32082,2922.787854,10.218.160.19,10.209.121.249,DHCP,342,DHCP Discover - Transaction ID 0x7c1c8388
32091,2924.896391,10.218.160.19,10.209.121.249,DHCP,342,DHCP Discover - Transaction ID 0x1e305224
32120,2931.717416,10.218.160.19,10.209.121.249,DHCP,342,DHCP Discover - Transaction ID 0x7c1c8388
32129,2933.740792,10.218.160.19,10.209.121.249,DHCP,342,DHCP Discover - Transaction ID 0x1e305224
32154,2940.020979,10.218.160.19,10.209.121.249,DHCP,342,DHCP Discover - Transaction ID 0x7c1c8388
32196,2942.562707,10.218.160.19,10.209.121.249,DHCP,342,DHCP Discover - Transaction ID 0x1e305224
32476,3009.001815,10.218.160.19,10.209.121.249,DHCP,342,DHCP Discover - Transaction ID 0x7c1c8389
32483,3010.184823,10.218.160.19,10.209.121.249,DHCP,342,DHCP Discover - Transaction ID 0x7c1c8389
32486,3010.899072,10.218.160.19,10.209.121.249,DHCP,342,DHCP Discover - Transaction ID 0x1e305225
32493,3012.115545,10.218.160.19,10.209.121.249,DHCP,342,DHCP Discover - Transaction ID 0x1e305225
32496,3012.767858,10.218.160.19,10.209.121.249,DHCP,342,DHCP Discover - Transaction ID 0x7c1c8389
32503,3014.440944,10.218.160.19,10.209.121.249,DHCP,342,DHCP Discover - Transaction ID 0x1e305225
32520,3017.766612,10.218.160.19,10.209.121.249,DHCP,342,DHCP Discover - Transaction ID 0x7c1c8389
32523,3018.552822,10.218.160.19,10.209.121.249,DHCP,342,DHCP Discover - Transaction ID 0x1e305225
32554,3026.042608,10.218.160.19,10.209.121.249,DHCP,342,DHCP Discover - Transaction ID 0x7c1c8389
32557,3026.581355,10.218.160.19,10.209.121.249,DHCP,342,DHCP Discover - Transaction ID 0x1e305225
32590,3034.333936,10.218.160.19,10.209.121.249,DHCP,342,DHCP Discover - Transaction ID 0x7c1c8389
32595,3035.279627,10.218.160.19,10.209.121.249,DHCP,342,DHCP Discover - Transaction ID 0x1e305225
32628,3042.783147,10.218.160.19,10.209.121.249,DHCP,342,DHCP Discover - Transaction ID 0x7c1c8389
32633,3043.845879,10.218.160.19,10.209.121.249,DHCP,342,DHCP Discover - Transaction ID 0x1e305225
32667,3051.566911,10.218.160.19,10.209.121.249,DHCP,342,DHCP Discover - Transaction ID 0x7c1c8389
32737,3052.364384,10.218.160.19,10.209.121.249,DHCP,342,DHCP Discover - Transaction ID 0x1e305225
33413,3059.850274,10.218.160.19,10.209.121.249,DHCP,342,DHCP Discover - Transaction ID 0x7c1c8389
33418,3060.533894,10.218.160.19,10.209.121.249,DHCP,342,DHCP Discover - Transaction ID 0x1e305225
33488,3068.804468,10.218.160.19,10.209.121.249,DHCP,342,DHCP Discover - Transaction ID 0x7c1c8389
33489,3069.007808,10.218.160.19,10.209.121.249,DHCP,342,DHCP Discover - Transaction ID 0x1e305225
33833,3114.423633,10.6.15.50,10.189.174.248,MDNS,555,"Standard query 0x0000 PTR lb._dns-sd._udp.local, ""QM"" question PTR _airport._tcp.local, ""QM"" question PTR _rdlink._tcp.local, ""QM"" question PTR _hap._tcp.local, ""QM"" question PTR _hap._udp.local, ""QM"" question PTR _airplay._tcp.local, ""QM"" question PTR _adisk._tcp.local, ""QM"" question PTR _uscan._tcp.local, ""QM"" question PTR _pdl-datastream._tcp.local, ""QM"" question PTR _uscans._tcp.local, ""QM"" question PTR _ippusb._tcp.local, ""QM"" question PTR _ptp._tcp.local, ""QM"" question PTR _ipp._tcp.local, ""QM"" question PTR _scanner._tcp.local, ""QM"" question PTR _printer._tcp.local, ""QM"" question PTR _ipps._tcp.local, ""QM"" question PTR _apple-mobdev._tcp.local, ""QM"" question PTR 951807ff._sub._apple-mobdev2._tcp.local, ""QM"" question PTR _companion-link._tcp.local, ""QM"" question PTR _apple-pairable._tcp.local, ""QM"" question PTR _remotepairing-manual-pairing._tcp.local, ""QM"" question PTR _remotepairing._tcp.local, ""QM"" question PTR _00000003-c00d-4bb6-cea8-16f18cfc42cc._sub._appletv-v2._tcp.local, ""QM"" question PTR _afpovertcp._tcp.local, ""QM"" question PTR _smb._tcp.local, ""QM"" question PTR _rfb._tcp.local, ""QM"" question PTR _adisk._tcp.local, ""QM"" question"
33844,3114.496965,10.6.15.50,10.189.174.248,MDNS,960,"Standard query response 0x0000 PTR Hinddeep‚\200\231s MacBook Air (2)._airplay._tcp.local PTR Hinddeep‚\200\231s MacBook Air (2)._companion-link._tcp.local TXT TXT, cache flush SRV, cache flush 0 0 7000 Hinddeeps-MacBook-Air.local TXT, cache flush SRV, cache flush 0 0 56996 Hinddeeps-MacBook-Air.local AAAA, cache flush fe80::1025:2673:a65f:dca1 A, cache flush 169.254.71.132 NSEC, cache flush Hinddeep‚\200\231s MacBook Air (2)._airplay._tcp.local NSEC, cache flush Hinddeep‚\200\231s MacBook Air (2)._companion-link._tcp.local NSEC, cache flush Hinddeeps-MacBook-Air.local"
33847,3114.537487,10.50.9.120,10.189.174.248,MDNS,406,"Standard query response 0x0000 TXT PTR D35C8575-3E1C-439E-8834-794D0C0C5685._remotepairing._tcp.local AAAA, cache flush fe80::30:8ad4:bf2e:16f6 A, cache flush 169.254.132.221 TXT, cache flush SRV, cache flush 0 0 49152 Jainils-iPhone.local NSEC, cache flush Jainils-iPhone.local NSEC, cache flush D35C8575-3E1C-439E-8834-794D0C0C5685._remotepairing._tcp.local"
34491,3137.24307,10.218.160.19,10.209.121.249,DHCP,342,DHCP Discover - Transaction ID 0x7c1c838a
34522,3137.734486,10.218.160.19,10.209.121.249,DHCP,342,DHCP Discover - Transaction ID 0x1e305226
34554,3138.641116,10.218.160.19,10.209.121.249,DHCP,342,DHCP Discover - Transaction ID 0x7c1c838a
34599,3139.205321,10.218.160.19,10.209.121.249,DHCP,342,DHCP Discover - Transaction ID 0x1e305226
34742,3140.65498,10.218.160.19,10.209.121.249,DHCP,342,DHCP Discover - Transaction ID 0x7c1c838a
34842,3141.431666,10.218.160.19,10.209.121.249,DHCP,342,DHCP Discover - Transaction ID 0x1e305226
35085,3145.124355,10.218.160.19,10.209.121.249,DHCP,342,DHCP Discover - Transaction ID 0x7c1c838a
35121,3145.602248,10.218.160.19,10.209.121.249,DHCP,342,DHCP Discover - Transaction ID 0x1e305226
35184,3153.274311,10.218.160.19,10.209.121.249,DHCP,342,DHCP Discover - Transaction ID 0x7c1c838a
35189,3153.997856,10.218.160.19,10.209.121.249,DHCP,342,DHCP Discover - Transaction ID 0x1e305226
35228,3162.074112,10.218.160.19,10.209.121.249,DHCP,342,DHCP Discover - Transaction ID 0x7c1c838a
35231,3162.43467,10.218.160.19,10.209.121.249,DHCP,342,DHCP Discover - Transaction ID 0x1e305226
35264,3170.764653,10.218.160.19,10.209.121.249,DHCP,342,DHCP Discover - Transaction ID 0x7c1c838a
35267,3170.991006,10.218.160.19,10.209.121.249,DHCP,342,DHCP Discover - Transaction ID 0x1e305226
35473,3179.398628,10.218.160.19,10.209.121.249,DHCP,342,DHCP Discover - Transaction ID 0x7c1c838a
35474,3179.466848,10.218.160.19,10.209.121.249,DHCP,342,DHCP Discover - Transaction ID 0x1e305226
35513,3187.984172,10.218.160.19,10.209.121.249,DHCP,342,DHCP Discover - Transaction ID 0x1e305226
35516,3188.351189,10.218.160.19,10.209.121.249,DHCP,342,DHCP Discover - Transaction ID 0x7c1c838a
35550,3196.419535,10.218.160.19,10.209.121.249,DHCP,342,DHCP Discover - Transaction ID 0x1e305226
35551,3196.754919,10.218.160.19,10.209.121.249,DHCP,342,DHCP Discover - Transaction ID 0x7c1c838a
35871,3264.645191,10.218.160.19,10.209.121.249,DHCP,342,DHCP Discover - Transaction ID 0x1e305227
35874,3265.388066,10.218.160.19,10.209.121.249,DHCP,342,DHCP Discover - Transaction ID 0x7c1c838b
35879,3266.245665,10.218.160.19,10.209.121.249,DHCP,342,DHCP Discover - Transaction ID 0x1e305227
35882,3267.043265,10.218.160.19,10.209.121.249,DHCP,342,DHCP Discover - Transaction ID 0x7c1c838b
35893,3269.158502,10.218.160.19,10.209.121.249,DHCP,342,DHCP Discover - Transaction ID 0x1e305227
35898,3270.036577,10.218.160.19,10.209.121.249,DHCP,342,DHCP Discover - Transaction ID 0x7c1c838b
35915,3273.619344,10.218.160.19,10.209.121.249,DHCP,342,DHCP Discover - Transaction ID 0x1e305227
35918,3274.151248,10.218.160.19,10.209.121.249,DHCP,342,DHCP Discover - Transaction ID 0x7c1c838b
35951,3282.175879,10.218.160.19,10.209.121.249,DHCP,342,DHCP Discover - Transaction ID 0x1e305227
35953,3282.476099,10.6.15.50,10.189.174.248,MDNS,504,"Standard query response 0x0000 TXT, cache flush NSEC, cache flush Hinddeep‚\200\231s MacBook Air (2)._airplay._tcp.local"
35957,3283.069087,10.218.160.19,10.209.121.249,DHCP,342,DHCP Discover - Transaction ID 0x7c1c838b
35988,3290.583798,10.218.160.19,10.209.121.249,DHCP,342,DHCP Discover - Transaction ID 0x1e305227
35995,3291.873626,10.218.160.19,10.209.121.249,DHCP,342,DHCP Discover - Transaction ID 0x7c1c838b
36041,3299.270191,10.218.160.19,10.209.121.249,DHCP,342,DHCP Discover - Transaction ID 0x1e305227
36044,3300.110252,10.218.160.19,10.209.121.249,DHCP,342,DHCP Discover - Transaction ID 0x7c1c838b
37302,3307.808848,10.218.160.19,10.209.121.249,DHCP,342,DHCP Discover - Transaction ID 0x1e305227
37410,3308.629025,10.218.160.19,10.209.121.249,DHCP,342,DHCP Discover - Transaction ID 0x7c1c838b
37985,3316.187191,10.218.160.19,10.209.121.249,DHCP,342,DHCP Discover - Transaction ID 0x1e305227
37988,3316.816137,10.218.160.19,10.209.121.249,DHCP,342,DHCP Discover - Transaction ID 0x7c1c838b
38084,3322.999536,10.6.15.50,10.189.174.248,MDNS,271,"Standard query response 0x0000 TXT, cache flush NSEC, cache flush Hinddeep‚\200\231s MacBook Air (2)._companion-link._tcp.local"
38091,3324.000571,10.6.15.50,10.189.174.248,MDNS,271,"Standard query response 0x0000 TXT, cache flush NSEC, cache flush Hinddeep‚\200\231s MacBook Air (2)._companion-link._tcp.local"
38095,3324.370329,10.218.160.19,10.209.121.249,DHCP,342,DHCP Discover - Transaction ID 0x1e305227
38098,3325.071675,10.218.160.19,10.209.121.249,DHCP,342,DHCP Discover - Transaction ID 0x7c1c838b
38104,3326.001257,10.6.15.50,10.189.174.248,MDNS,271,"Standard query response 0x0000 TXT, cache flush NSEC, cache flush Hinddeep‚\200\231s MacBook Air (2)._companion-link._tcp.local"
38189,3330.002084,10.6.15.50,10.189.174.248,MDNS,271,"Standard query response 0x0000 TXT, cache flush NSEC, cache flush Hinddeep‚\200\231s MacBook Air (2)._companion-link._tcp.local"
38661,3392.74881,10.218.160.19,10.209.121.249,DHCP,342,DHCP Discover - Transaction ID 0x1e305228
38664,3393.111182,10.218.160.19,10.209.121.249,DHCP,342,DHCP Discover - Transaction ID 0x7c1c838c
38669,3394.276946,10.218.160.19,10.209.121.249,DHCP,342,DHCP Discover - Transaction ID 0x7c1c838c
38672,3394.594939,10.218.160.19,10.209.121.249,DHCP,342,DHCP Discover - Transaction ID 0x1e305228
38689,3397.010404,10.218.160.19,10.209.121.249,DHCP,342,DHCP Discover - Transaction ID 0x7c1c838c
38692,3397.502841,10.218.160.19,10.209.121.249,DHCP,342,DHCP Discover - Transaction ID 0x1e305228
38713,3401.99054,10.218.160.19,10.209.121.249,DHCP,342,DHCP Discover - Transaction ID 0x7c1c838c
38714,3402.147562,10.218.160.19,10.209.121.249,DHCP,342,DHCP Discover - Transaction ID 0x1e305228
38755,3410.270746,10.218.160.19,10.209.121.249,DHCP,342,DHCP Discover - Transaction ID 0x7c1c838c
38756,3410.629948,10.218.160.19,10.209.121.249,DHCP,342,DHCP Discover - Transaction ID 0x1e305228
38811,3418.957008,10.218.160.19,10.209.121.249,DHCP,342,DHCP Discover - Transaction ID 0x7c1c838c
38814,3419.421662,10.218.160.19,10.209.121.249,DHCP,342,DHCP Discover - Transaction ID 0x1e305228
38847,3427.6852,10.218.160.19,10.209.121.249,DHCP,342,DHCP Discover - Transaction ID 0x1e305228
38848,3427.709812,10.218.160.19,10.209.121.249,DHCP,342,DHCP Discover - Transaction ID 0x7c1c838c
38881,3435.777657,10.218.160.19,10.209.121.249,DHCP,342,DHCP Discover - Transaction ID 0x7c1c838c
38884,3436.168584,10.218.160.19,10.209.121.249,DHCP,342,DHCP Discover - Transaction ID 0x1e305228
38915,3443.783566,10.218.160.19,10.209.121.249,DHCP,342,DHCP Discover - Transaction ID 0x7c1c838c
38918,3444.364453,10.218.160.19,10.209.121.249,DHCP,342,DHCP Discover - Transaction ID 0x1e305228
38971,3452.222249,10.218.160.19,10.209.121.249,DHCP,342,DHCP Discover - Transaction ID 0x7c1c838c
38976,3453.203499,10.218.160.19,10.209.121.249,DHCP,342,DHCP Discover - Transaction ID 0x1e305228
39865,3520.438951,10.218.160.19,10.209.121.249,DHCP,342,DHCP Discover - Transaction ID 0x7c1c838d
39885,3521.498943,10.218.160.19,10.209.121.249,DHCP,342,DHCP Discover - Transaction ID 0x1e305229
39886,3521.607981,10.218.160.19,10.209.121.249,DHCP,342,DHCP Discover - Transaction ID 0x7c1c838d
39893,3523.069014,10.218.160.19,10.209.121.249,DHCP,342,DHCP Discover - Transaction ID 0x1e305229
39898,3524.082159,10.218.160.19,10.209.121.249,DHCP,342,DHCP Discover - Transaction ID 0x7c1c838d
39905,3525.359199,10.218.160.19,10.209.121.249,DHCP,342,DHCP Discover - Transaction ID 0x1e305229
39923,3528.760878,10.218.160.19,10.209.121.249,DHCP,342,DHCP Discover - Transaction ID 0x7c1c838d
39926,3529.46745,10.218.160.19,10.209.121.249,DHCP,342,DHCP Discover - Transaction ID 0x1e305229
39959,3536.86072,10.218.160.19,10.209.121.249,DHCP,342,DHCP Discover - Transaction ID 0x7c1c838d
39964,3538.112706,10.218.160.19,10.209.121.249,DHCP,342,DHCP Discover - Transaction ID 0x1e305229
39995,3545.796889,10.218.160.19,10.209.121.249,DHCP,342,DHCP Discover - Transaction ID 0x7c1c838d
40000,3547.03975,10.218.160.19,10.209.121.249,DHCP,342,DHCP Discover - Transaction ID 0x1e305229
40031,3553.949656,10.218.160.19,10.209.121.249,DHCP,342,DHCP Discover - Transaction ID 0x7c1c838d
40036,3555.111127,10.218.160.19,10.209.121.249,DHCP,342,DHCP Discover - Transaction ID 0x1e305229
40067,3562.096309,10.218.160.19,10.209.121.249,DHCP,342,DHCP Discover - Transaction ID 0x7c1c838d
40076,3563.9337,10.218.160.19,10.209.121.249,DHCP,342,DHCP Discover - Transaction ID 0x1e305229
40105,3570.956767,10.218.160.19,10.209.121.249,DHCP,342,DHCP Discover - Transaction ID 0x7c1c838d
40112,3572.293602,10.218.160.19,10.209.121.249,DHCP,342,DHCP Discover - Transaction ID 0x1e305229
40139,3579.066031,10.218.160.19,10.209.121.249,DHCP,342,DHCP Discover - Transaction ID 0x7c1c838d
40148,3581.14946,10.218.160.19,10.209.121.249,DHCP,342,DHCP Discover - Transaction ID 0x1e305229
40470,3647.132146,10.218.160.19,10.209.121.249,DHCP,342,DHCP Discover - Transaction ID 0x7c1c838e
40477,3648.385911,10.218.160.19,10.209.121.249,DHCP,342,DHCP Discover - Transaction ID 0x7c1c838e
40485,3649.808582,10.218.160.19,10.209.121.249,DHCP,342,DHCP Discover - Transaction ID 0x1e30522a
40516,3651.379788,10.218.160.19,10.209.121.249,DHCP,342,DHCP Discover - Transaction ID 0x7c1c838e
40517,3651.77476,10.218.160.19,10.209.121.249,DHCP,342,DHCP Discover - Transaction ID 0x1e30522a
40528,3654.028347,10.218.160.19,10.209.121.249,DHCP,342,DHCP Discover - Transaction ID 0x1e30522a
40537,3655.922036,10.218.160.19,10.209.121.249,DHCP,342,DHCP Discover - Transaction ID 0x7c1c838e
40548,3658.823593,10.218.160.19,10.209.121.249,DHCP,342,DHCP Discover - Transaction ID 0x1e30522a
40571,3664.255206,10.218.160.19,10.209.121.249,DHCP,342,DHCP Discover - Transaction ID 0x7c1c838e
40584,3667.607787,10.218.160.19,10.209.121.249,DHCP,342,DHCP Discover - Transaction ID 0x1e30522a
40607,3672.921532,10.218.160.19,10.209.121.249,DHCP,342,DHCP Discover - Transaction ID 0x7c1c838e
40618,3675.638992,10.218.160.19,10.209.121.249,DHCP,342,DHCP Discover - Transaction ID 0x1e30522a
40670,3681.138778,10.218.160.19,10.209.121.249,DHCP,342,DHCP Discover - Transaction ID 0x7c1c838e
40683,3683.885439,10.218.160.19,10.209.121.249,DHCP,342,DHCP Discover - Transaction ID 0x1e30522a
40710,3689.821888,10.218.160.19,10.209.121.249,DHCP,342,DHCP Discover - Transaction ID 0x7c1c838e
40735,3692.750976,10.218.160.19,10.209.121.249,DHCP,342,DHCP Discover - Transaction ID 0x1e30522a
